entity_id,canonical_entity_name,first_seen_period,last_seen_period,num_periods,chain_id
006AFE4AA29ABFBF,ADVANCED HEALTH CARE MANAGEMENT,2025-11,2025-11,1,12.0
00939AD687BD75BD,SOVEREIGN HEALTHCARE HOLDINGS,2025-11,2025-11,1,482.0
0151327834383A42,P&M MANAGEMENT,2025-11,2025-11,1,655.0
023CB05BFC4095F2,CITADEL HEALTHCARE,2025-11,2025-11,1,147.0
026AF3A8CEBCE83B,ARABELLA HEALTHCARE MANAGEMENT,2025-11,2025-11,1,633.0
02E7AD5BEAC16BFD,AVINA HEALTHCARE,2025-11,2025-11,1,819.0
03508E057B65CF42,NORTH COUNTRY ASSOCIATES,2025-11,2025-11,1,375.0
03725FC5F695AA9C,HELENE MAYER,2025-11,2025-11,1,727.0
03B1755439919656,LANTIS ENTERPRISES,2025-11,2025-11,1,304.0
045D093EA2AE518C,CENTERS HEALTH CARE,2025-11,2025-11,1,127.0
04A2D766961A6106,TRANSITIONS HEALTHCARE,2025-11,2025-11,1,627.0
05001C209FB5F35D,AMERICAN BAPTIST HOMES OF THE MIDWEST,2025-11,2025-11,1,29.0
0673248154087D1A,EDURO HEALTHCARE,2025-11,2025-11,1,193.0
06EF7DC931C2B9FB,COMMONSPIRIT HEALTH,2025-11,2025-11,1,151.0
074D30398BD6441E,AVIATA HEALTH GROUP,2025-11,2025-11,1,745.0
07AF4DEBC32EFAFF,FREEDOM MANAGEMENT COMPANY,2025-11,2025-11,1,228.0
0898A735B87C17CC,PIONEER HEALTHCARE MANAGEMENT,2025-11,2025-11,1,403.0
08F432B8D329247F,"UNLIMITED DEVELOPMENT, INC.",2025-11,2025-11,1,536.0
091C56CD0C9FA483,ACCOLADE HEALTHCARE,2025-11,2025-11,1,7.0
09310938CA320E93,NATIONAL LUTHERAN COMMUNITIES & SERVICES,2025-11,2025-11,1,365.0
09A8D68F73387437,VANTAGE CARE,2025-11,2025-11,1,669.0
0AA344B65E3691F3,AVENTURA HEALTH GROUP,2025-11,2025-11,1,60.0
0B15664E8730DC60,ICARE HEALTH NETWORK,2025-11,2025-11,1,277.0
0B73B562FEE46E78,CONHOLD,2025-11,2025-11,1,720.0
0C3492F47E9C7C16,VOLUNTEERS OF AMERICA SENIOR LIVING,2025-11,2025-11,1,554.0
0C3D1AB4BFC4521C,LIFE CARE CENTERS OF AMERICA,2025-11,2025-11,1,311.0
0CAF2BFE783408CD,COMMONWEALTH CARE OF ROANOKE,2025-11,2025-11,1,152.0
0D5E9FF5AFF3E558,MARQUIS COMPANIES,2025-11,2025-11,1,335.0
0DB8AC795FB218F2,CHAMBERS COUNTY PUBLIC HOSPITAL DISTRICT NO. 1,2025-11,2025-11,1,133.0
0EA19F21CCF1F59E,FRANCISCAN COMMUNITIES,2025-11,2025-11,1,227.0
0F9E30E3AD2DEF25,TREND CONSULTANTS,2025-11,2025-11,1,522.0
0FAB5D6035A67E2D,FLORIDA INSTITUTE FOR LONG-TERM CARE,2025-11,2025-11,1,223.0
0FFCCFBE0322ED61,MISSISSIPPI CARE CENTER,2025-11,2025-11,1,357.0
1012858735BE5010,AUTUMN LAKE HEALTHCARE,2025-11,2025-11,1,56.0
101748E2A514C6EB,GENESIS HEALTHCARE,2025-11,2025-11,1,237.0
103D79DDD2CE1ED7,STERN CONSULTANTS,2025-11,2025-11,1,661.0
10D543BFF0C29D75,EMPIRE CARE CENTERS,2025-11,2025-11,1,202.0
11D380EE25EE5A31,HOMEWOOD RETIREMENT CENTERS,2025-11,2025-11,1,273.0
122E3D620405EC32,SHAFIQ MALIK,2025-11,2025-11,1,794.0
1247C11768070CDA,ABSOLUT CARE,2025-11,2025-11,1,6.0
1309409AA7688778,BONAMOUR HEALTH GROUP,2025-11,2025-11,1,576.0
136730BEF6E45B40,WELLINGTON HEALTH CARE SERVICES,2025-11,2025-11,1,559.0
13B040E450FD2D3C,DIVINE HEALTHCARE MANAGEMENT,2025-11,2025-11,1,186.0
13B23E7CE435AA39,HCA HEALTHCARE,2025-11,2025-11,1,701.0
13F331FC0B6DBD6E,SAPPHIRE CARE GROUP,2025-11,2025-11,1,590.0
144BFAF340579A74,AHMC HEALTHCARE,2025-11,2025-11,1,18.0
14B0654AD37C968B,SHIMON LEFKOWITZ,2025-11,2025-11,1,795.0
1532BFA967535795,SUNTERRA SPRINGS,2025-11,2025-11,1,499.0
1658205DC6D2CF9A,PRESTON HEALTH SERVICES,2025-11,2025-11,1,702.0
167A0E925BB564AF,JONATHAN BLEIER,2025-11,2025-11,1,765.0
173021B51D0B9EA1,CONTINUUM HEALTHCARE,2025-11,2025-11,1,161.0
177A00B2C199DA17,HERITAGE OPERATIONS GROUP,2025-11,2025-11,1,651.0
17D80701EDFCE042,ATRIUM CENTERS,2025-11,2025-11,1,54.0
1888DB698BE05CE8,CLEAR CHOICE HEALTHCARE,2025-11,2025-11,1,149.0
18F0E8586771A972,THE BEEBE FAMILY,2025-11,2025-11,1,779.0
1921CD7D24E1EA24,VIVO HEALTHCARE,2025-11,2025-11,1,688.0
1948AD9383A9C5BD,UPSTATE SERVICES GROUP,2025-11,2025-11,1,538.0
19B54A9FE38A19BD,KISCO SENIOR LIVING,2025-11,2025-11,1,585.0
19C000ECC2721117,"CLINICAL SERVICES, INC.",2025-11,2025-11,1,810.0
1B47B38942029F6D,HAWAII HEALTH SYSTEMS CORPORATION,2025-11,2025-11,1,250.0
1B66D6440319E853,ADAMS COUNTY MEMORIAL HOSPITAL,2025-11,2025-11,1,10.0
1BCAB44EFACC2B0F,PRESBYTERIAN SENIOR LIVING,2025-11,2025-11,1,415.0
1BED0A834F13BEBA,"BVHC, LLC",2025-11,2025-11,1,82.0
1C698CB789DEF59E,SWEETWATER CARE,2025-11,2025-11,1,500.0
1C7DAA48CB137000,ELIYAHU MIRLIS,2025-11,2025-11,1,710.0
1CE51084592AAA2B,ALLIANCE HEALTH GROUP,2025-11,2025-11,1,714.0
1D0CCAA85FDA4469,PRIME HEALTHCARE,2025-11,2025-11,1,420.0
1D52E43A9F8C2FC6,ASPEN SKILLED HEALTHCARE,2025-11,2025-11,1,50.0
1D5CCF47EA8CDF37,IHS MANAGEMENT CONSULTANTS,2025-11,2025-11,1,280.0
1D8C30D871F4D8BF,KENDAL,2025-11,2025-11,1,653.0
1DC1A9E416850AE5,CONCORDIA LUTHERAN MINISTRIES,2025-11,2025-11,1,573.0
1E67247603B167F7,STERLING CARE,2025-11,2025-11,1,492.0
1FD4B26773B897B0,BJC HEALTHCARE,2025-11,2025-11,1,783.0
2014F0883249D2AB,PROVIDENCE HEALTH & SERVICES,2025-11,2025-11,1,430.0
20D827E0E18C6EE4,BOOKER HOSPITAL DISTRICT,2025-11,2025-11,1,587.0
20F397B894EFD283,ROCHESTER REGIONAL HEALTH,2025-11,2025-11,1,454.0
2130115E1A5378AE,COVENANT LIVING,2025-11,2025-11,1,168.0
217DF9CF6B6C04E8,NORBERT BENNETT & DONALD DENZ,2025-11,2025-11,1,771.0
21E47DA7B961B3D7,EMBASSY HEALTHCARE,2025-11,2025-11,1,199.0
224675E17631B7C6,PRESTIGE ADMINISTRATIVE SERVICES,2025-11,2025-11,1,416.0
22BE5ED49A884D77,CASSENA CARE,2025-11,2025-11,1,119.0
22C56E1DB0448911,CAMBRIDGE HEALTHCARE SERVICES,2025-11,2025-11,1,98.0
237CB8FEC7B717AC,TRINITY HEALTH,2025-11,2025-11,1,525.0
23B18C6931701A70,AMBASSADOR HEALTH,2025-11,2025-11,1,28.0
240FC2D1B1D7B1CB,PARADIGM SENIOR MANAGEMENT,2025-11,2025-11,1,623.0
250F62FD7CF72736,RIVERS EDGE OPERATIONS,2025-11,2025-11,1,668.0
254FBBD068A01F4D,CREATIVE SOLUTIONS IN HEALTHCARE,2025-11,2025-11,1,169.0
25D4042109183B7B,EDEN EAST HEALTHCARE MANAGEMENT,2025-11,2025-11,1,754.0
25F25C666555D1E7,CENTRAL MANAGEMENT COMPANY,2025-11,2025-11,1,130.0
264F64F6C540D063,BROOKDALE SENIOR LIVING,2025-11,2025-11,1,93.0
266EC177A316182E,FELICIAN SERVICES,2025-11,2025-11,1,684.0
26F3BEC7E777616A,PHOENIX HEALTHCARE,2025-11,2025-11,1,401.0
26FE025D7E1FC7A7,AMA HOLDINGS,2025-11,2025-11,1,27.0
2849CEEE6947F8E6,MIDWEST HEALTH,2025-11,2025-11,1,350.0
2A3958BB0BA78BA9,DYNASTY HEALTHCARE GROUP,2025-11,2025-11,1,649.0
2AA22FE30FDA0EFF,BLUE RIDGE HEALTHCARE,2025-11,2025-11,1,84.0
2AD15BDE07697267,"HEALTHPEAK PROPERTIES, INC.",2025-11,2025-11,1,261.0
2B2D9A8B899A9FE6,TUTERA SENIOR LIVING & HEALTH CARE,2025-11,2025-11,1,531.0
2B2F9D64A5FFCE34,CORYELL COUNTY MEMORIAL HOSPITAL AUTHORITY,2025-11,2025-11,1,163.0
2B8D48ABCE327B15,"MO OP HOLDCO, LLC",2025-11,2025-11,1,790.0
2C1B5375ECAE8D68,SANTE,2025-11,2025-11,1,466.0
2C7B4580B71354B2,STONEBRIDGE SENIOR LIVING,2025-11,2025-11,1,494.0
2D27F5BBCBA3FF95,GOLDEN SNF OPERATIONS,2025-11,2025-11,1,692.0
2D797475D02CD860,ALARIS HEALTH,2025-11,2025-11,1,20.0
2DD5B8B406CA68D0,VANGUARD HEALTHCARE,2025-11,2025-11,1,543.0
2DF3955C7BB9BA5F,BALL HEALTHCARE SERVICES,2025-11,2025-11,1,66.0
2DFDFD98EE4B1499,SPRINGPOINT SENIOR LIVING,2025-11,2025-11,1,485.0
30F72C7A01C68830,COVENANT CARE,2025-11,2025-11,1,166.0
31C45562218945CD,PEACH HEALTH GROUP,2025-11,2025-11,1,604.0
31F89C753814E3D5,ASTON HEALTH,2025-11,2025-11,1,800.0
3213E007DFEC6BD8,CARLYLE SENIOR CARE,2025-11,2025-11,1,599.0
32580B4E1830EAD4,SPYGLASS HEALTHCARE,2025-11,2025-11,1,703.0
333580DBF8256C47,ELMBROOK MANAGEMENT COMPANY,2025-11,2025-11,1,198.0
3405A8EDE57A125B,INSPIRED HEALTHCARE MANAGEMENT,2025-11,2025-11,1,286.0
35A2C6285A625FB8,SPRENGER HEALTH CARE SYSTEMS,2025-11,2025-11,1,484.0
35A520AF1D9C9BC2,AHAVA HEALTHCARE,2025-11,2025-11,1,17.0
36A3506B57E55404,APPLE REHAB,2025-11,2025-11,1,39.0
36C06CC1D523F9A9,VOLARE HEALTH,2025-11,2025-11,1,628.0
379BE9EB2E538C91,PRINCIPLE LONG TERM CARE,2025-11,2025-11,1,423.0
381DEDC37664953D,MONARCH HEALTHCARE MANAGEMENT,2025-11,2025-11,1,361.0
388A41C8D5382F61,VI LIVING,2025-11,2025-11,1,548.0
392E72B9DFB986D7,ALLURE HEALTHCARE SERVICES,2025-11,2025-11,1,25.0
39558178173535D7,VIVRA SPECIALTY CARE,2025-11,2025-11,1,709.0
3A67045CE3349366,EXTENDED CARE CLINICAL,2025-11,2025-11,1,738.0
3A68C0C18774DCA8,HILL VALLEY HEALTHCARE,2025-11,2025-11,1,270.0
3A86C83E93EE7EA2,KR MANAGEMENT,2025-11,2025-11,1,667.0
3AA26C23CE5EDE5E,THE ORCHARDS MICHIGAN,2025-11,2025-11,1,513.0
3B3EF0EF48BD32CE,BEST CARE SERVICES,2025-11,2025-11,1,583.0
3B7FD820B0D81F7B,A&M HEALTHCARE INVESTMENTS,2025-11,2025-11,1,641.0
3BF1EC5DBC7278D4,ALIYA HEALTHCARE,2025-11,2025-11,1,663.0
3C79C79099CA1570,KADIMA HEALTHCARE GROUP,2025-11,2025-11,1,296.0
3C964F45F73D7AFF,C. ROSS MANAGEMENT,2025-11,2025-11,1,95.0
3C9FFF6E3ACCF7A6,HERITAGE MINISTRIES,2025-11,2025-11,1,266.0
3CAED2A5ED23483C,ALLURE GROUP,2025-11,2025-11,1,734.0
3CD4E504AD42A9F1,JUCKETTE FAMILY HOMES,2025-11,2025-11,1,295.0
3D2DBABDBDFFA3B9,SOL HEALTHCARE,2025-11,2025-11,1,817.0
3D689EC5B20CB2FC,COVENANT HEALTH,2025-11,2025-11,1,167.0
3DC681D57243DCFF,INTEGRITY HEALTHCARE COMMUNITIES,2025-11,2025-11,1,652.0
3DDA3449DE6A2D70,MISSION HEALTH COMMUNITIES,2025-11,2025-11,1,354.0
3E10FE7DAC061355,STELLAR SENIOR LIVING,2025-11,2025-11,1,491.0
3E362B0A8D0D8C1F,VIVAGE SENIOR LIVING,2025-11,2025-11,1,552.0
3E553868D94E3837,PROVIDENCE HEALTH GROUP,2025-11,2025-11,1,431.0
3EFB4C5F61368797,HAVEN HEALTHCARE,2025-11,2025-11,1,761.0
3FB7C8E54AC88F8F,HUMANGOOD,2025-11,2025-11,1,274.0
40F155C1708D386A,EPIC HEALTHCARE MANAGEMENT,2025-11,2025-11,1,207.0
41AAD0F01847328B,ASCENTRIA CARE ALLIANCE,2025-11,2025-11,1,49.0
434A27DC8268BDD2,PARAMOUNT HEALTHCARE,2025-11,2025-11,1,775.0
43A8999124573FEE,GLOBAL HEALTHCARE REIT,2025-11,2025-11,1,238.0
442101E564033FB5,BRIDGES HEALTH,2025-11,2025-11,1,91.0
4426D0C387246E19,LIFEPOINT HEALTH,2025-11,2025-11,1,787.0
451DBCC4C8C1306A,NURSING CARE MANAGEMENT OF AMERICA,2025-11,2025-11,1,379.0
4556241B0E756E5D,BGM ESTATE,2025-11,2025-11,1,78.0
45BC9E287E2EDD7B,ELDER SERVICES,2025-11,2025-11,1,195.0
4607E4D924B5AD2C,CENTURY HEALTHCARE,2025-11,2025-11,1,638.0
465310AAF22001B2,CENTER MANAGEMENT GROUP,2025-11,2025-11,1,619.0
4654DDE3C8F7245F,REHAB SELECT,2025-11,2025-11,1,444.0
467783C3F2E33850,EDEN SENIOR CARE,2025-11,2025-11,1,192.0
469C9D01462C11F9,RUBY HEALTHCARE,2025-11,2025-11,1,824.0
46AB710BC74C3B3F,OHIO LIVING COMMUNITIES,2025-11,2025-11,1,383.0
46AD20B5A2546999,ECC TRUST,2025-11,2025-11,1,820.0
48B3C5E1515C31FC,THE ORCHARDS,2025-11,2025-11,1,512.0
490675E83913B6E3,KEY HEALTH MANAGEMENT,2025-11,2025-11,1,767.0
490FA8DCFF5BDA43,POINTE MANAGEMENT,2025-11,2025-11,1,776.0
491DEB3EFE08C1F6,CASCADES HEALTHCARE,2025-11,2025-11,1,117.0
4966E2D2FF10DA37,CARECORE HEALTH,2025-11,2025-11,1,108.0
49C07B2E1237860B,DAVID MARX,2025-11,2025-11,1,179.0
4A13A41D82C74243,SLP OPERATIONS,2025-11,2025-11,1,730.0
4ACAF4EB300D080F,ATIED ASSOCIATES,2025-11,2025-11,1,53.0
4AD334ED1B7EBEB2,EVERCARE SKILLED NURSING,2025-11,2025-11,1,804.0
4AFBBC057C27E1F0,PROGRESSIVE QUALITY CARE,2025-11,2025-11,1,427.0
4B5583A56E32A683,STATE OF LOUISIANA DEPARTMENT OF VETERANS AFFAIRS,2025-11,2025-11,1,488.0
4B5E91F69D332E37,PREFERRED CARE,2025-11,2025-11,1,409.0
4BC3B863528BD717,VANCREST HEALTH CARE CENTERS,2025-11,2025-11,1,542.0
4C17330229A9FBB5,HERITAGE HALL,2025-11,2025-11,1,265.0
4C21A63D71A5B711,CCH HEALTHCARE,2025-11,2025-11,1,124.0
4C8A810E3273587F,INFINITE CARE,2025-11,2025-11,1,578.0
4C9720A519F3ECC1,CAMPBELL STREET SERVICES,2025-11,2025-11,1,99.0
4D4D68C8261E6342,"TRINITY MANAGEMENT, INC.",2025-11,2025-11,1,527.0
4DFF32022B8E6122,EMPRES OPERATED BY EVERGREEN,2025-11,2025-11,1,665.0
4F455984E9AC6D4F,ROBERT RAUSMAN,2025-11,2025-11,1,823.0
4F6A4BD72DE36578,HEARTHSTONE SENIOR COMMUNITIES,2025-11,2025-11,1,262.0
4F91EBFD8593700D,RELIABLE HEALTH CARE MANAGEMENT,2025-11,2025-11,1,728.0
502DAB037795A637,BRIA HEALTH SERVICES,2025-11,2025-11,1,88.0
5048C76215FEA571,FUNDAMENTAL HEALTHCARE,2025-11,2025-11,1,231.0
50507A84253A3BE2,HEALTH SERVICES MANAGEMENT,2025-11,2025-11,1,257.0
50DD48F608D5DB69,BLUEGRASS HEALTH KY,2025-11,2025-11,1,748.0
5109F62FA9AE2CAF,CIVITA CARE CENTERS,2025-11,2025-11,1,683.0
510BAE2D8D6C66B5,CATHOLIC CHARITIES NEW HAMPSHIRE,2025-11,2025-11,1,122.0
5238465E68FF00A6,COMMCARE CORPORATION,2025-11,2025-11,1,150.0
524316F6E803EBC5,SSM HEALTH,2025-11,2025-11,1,486.0
533E0B4F3218AD6D,SERRANO GROUP,2025-11,2025-11,1,659.0
53B1985CE9450142,"WELLTOWER, INC.",2025-11,2025-11,1,560.0
5436B9AC1D6E4AD7,HYATT FAMILY FACILITIES,2025-11,2025-11,1,276.0
54C31C0BE38CA4EA,NEXT STEP HEALTHCARE,2025-11,2025-11,1,371.0
54DC1D23F2A5226B,STELLAR HEALTH GROUP,2025-11,2025-11,1,694.0
5680A270BA53FA46,OSBYCORP,2025-11,2025-11,1,388.0
5720B9F2A04E5AD6,OPCO SKILLED MANAGEMENT,2025-11,2025-11,1,773.0
5725969B8C246010,STATE OF NEW YORK COMPTROLLERS OFFICE,2025-11,2025-11,1,489.0
577CC300B4D80078,VIERRA COMMUNITIES,2025-11,2025-11,1,597.0
57F37167C6528169,SENIOR LIFESTYLE,2025-11,2025-11,1,621.0
582B4E36CB9C3B14,SANSTONE HEALTH & REHABILITATION,2025-11,2025-11,1,465.0
58A28D86956E206B,THE BLOSSOMS NURSING AND REHAB CENTER,2025-11,2025-11,1,505.0
590EE025179732CE,HARMONY CARE GROUP,2025-11,2025-11,1,740.0
59370A7D486DE6F1,EXCEPTIONAL LIVING CENTERS,2025-11,2025-11,1,758.0
594053339DEFA692,SAINT THERESE SENIOR COMMUNITIES,2025-11,2025-11,1,624.0
5986CC8C12F6AF3A,NIGHTINGALE,2025-11,2025-11,1,815.0
5A06FEF06C606DDE,AVIR HEALTH GROUP,2025-11,2025-11,1,719.0
5AADE9F8A48972A6,CHRISTIAN CARE COMMUNITIES,2025-11,2025-11,1,142.0
5AB51DA9F690B158,ALTERCARE,2025-11,2025-11,1,26.0
5ACCE6F302FE93A8,VERTICAL HEALTH SERVICES,2025-11,2025-11,1,636.0
5BDD8E02858D960D,CADIA HEALTHCARE,2025-11,2025-11,1,96.0
5BEF3C7E9D5E4CFB,AMERICARE SENIOR LIVING,2025-11,2025-11,1,34.0
5C0C692C0CF382D7,MAINE VETERANS HOME,2025-11,2025-11,1,330.0
5C54F2FA5FFACFBE,REAL PROPERTY HEALTH FACILITIES,2025-11,2025-11,1,605.0
5C743D4F8986F23D,CARE & REHAB,2025-11,2025-11,1,673.0
5C8B40C308A9BEE0,CONTINUING LIFE,2025-11,2025-11,1,160.0
5CAB6BB90E97712F,THE LOFT REHABILITATION AND NURSING,2025-11,2025-11,1,322.0
5CE5B474D5254BB7,MAJOR HOSPITAL,2025-11,2025-11,1,332.0
5D2CE7C4C1A74179,BEDFORD CARE CENTERS,2025-11,2025-11,1,71.0
5D45D8AC87A6DF4A,HILLSTONE HEALTHCARE,2025-11,2025-11,1,271.0
5D64DC85D9028F10,WLC MANAGEMENT FIRM,2025-11,2025-11,1,570.0
5E4F0CAEEBF318E8,"MEDICALODGES, INC.",2025-11,2025-11,1,344.0
5E7F25C707A10AEB,CANTEX CONTINUING CARE,2025-11,2025-11,1,100.0
5ED0C6BDACFEEC28,LEGACY HEALTH SERVICES,2025-11,2025-11,1,305.0
5EF96389EBEC554F,PARADIGM HEALTHCARE,2025-11,2025-11,1,620.0
5F03747CEE58A2D9,PETERSEN HEALTH CARE,2025-11,2025-11,1,399.0
5F59BB65358CE73B,MERCYHEALTH SYSTEM,2025-11,2025-11,1,346.0
5FD9488157AF98FF,CARESPRING,2025-11,2025-11,1,111.0
60086FD7357F15B3,CAVALIER HEALTHCARE,2025-11,2025-11,1,691.0
6074D9B205054B38,SIMCHA HYMAN & NAFTALI ZANZIPER,2025-11,2025-11,1,580.0
60CA7622C6A1CD07,HMG HEALTHCARE,2025-11,2025-11,1,272.0
613F7D30E9308FE7,SOUTHWEST LTC,2025-11,2025-11,1,481.0
61C3F653DCA1D0D8,SHLOMO HOFFMAN,2025-11,2025-11,1,713.0
61DE9C52FCD78D60,INTEGRITUS HEALTHCARE,2025-11,2025-11,1,603.0
62339792FFD69375,PHILOSOPHY CARE CENTERS,2025-11,2025-11,1,400.0
633CFDEF83805000,COLEV GESTETNER,2025-11,2025-11,1,689.0
641569A2088241C9,BRADFORD MONTGOMERY,2025-11,2025-11,1,87.0
647C76C6F2F78E4E,FOURSQUARE HEALTHCARE,2025-11,2025-11,1,226.0
648F0C0163DD4015,CARMELITE SISTERS FOR THE AGED & INFIRM,2025-11,2025-11,1,802.0
64A99E7B04E0D3E4,NATIONAL HEALTH CARE ASSOCIATES,2025-11,2025-11,1,363.0
64E4EF41CE82E1FF,AMERICAN HEALTH COMMUNITIES,2025-11,2025-11,1,30.0
651891A2151031BB,IL & JOAN LEE,2025-11,2025-11,1,741.0
653AF54C13C9A3C7,CARROLTON NURSING HOMES,2025-11,2025-11,1,749.0
653FBBA545DB6937,EASTERN HEALTHCARE GROUP,2025-11,2025-11,1,608.0
6589BC8B61103563,LIFESPACE COMMUNITIES,2025-11,2025-11,1,315.0
658E239414569341,PLAINVIEW HEALTHCARE PARTNERS,2025-11,2025-11,1,657.0
671A43081DF04464,SEKY HOLDING CO.,2025-11,2025-11,1,468.0
6732CA8C3C609D80,ROBERT SCHOENFELD,2025-11,2025-11,1,716.0
6735FAC3AAA5BCBA,COUNTRY VILLA HEALTH SERVICES,2025-11,2025-11,1,165.0
673A66EEADA6C135,AVAMERE,2025-11,2025-11,1,58.0
6742A31BD3C2F568,FLORIDA DEPARTMENT OF VETERANS AFFAIRS,2025-11,2025-11,1,739.0
687804E8C1DFC905,ADVANCED HEALTHCARE SOLUTIONS,2025-11,2025-11,1,13.0
68ECF1F2BC90E6D0,EVERYAGE SENIOR LIVING,2025-11,2025-11,1,675.0
68EDB57F87F17A5B,JAG HEALTHCARE,2025-11,2025-11,1,289.0
697BDF10DE4ECF45,SWAN HEALTH,2025-11,2025-11,1,797.0
69B9D276BE22D479,ATLAS HEALTHCARE,2025-11,2025-11,1,598.0
69CDFA6093EAFD21,HIGHBRIDGE HEALTHCARE,2025-11,2025-11,1,269.0
6A0F32BFE345A8BC,HEALTHCARE OF IOWA,2025-11,2025-11,1,260.0
6A795B9F156B4C44,FAMILY OF CARING HEALTHCARE,2025-11,2025-11,1,220.0
6AB324073F523253,REGENCY PACIFIC MANAGEMENT,2025-11,2025-11,1,442.0
6B362AC383AD2692,KINDRED HEALTHCARE,2025-11,2025-11,1,300.0
6B38849DAED9569B,RENNES GROUP,2025-11,2025-11,1,449.0
6B426EC631B21F32,COMMUNICARE HEALTH,2025-11,2025-11,1,153.0
6B773B2B0C23A9FD,BRIAR HILL MANAGEMENT,2025-11,2025-11,1,89.0
6BB154FC4961D7FB,PIVOTAL HEALTH CARE,2025-11,2025-11,1,404.0
6BD594846F3D9094,HAVEN HEALTH,2025-11,2025-11,1,249.0
6BE56B164F1A7D2F,HCF MANAGEMENT,2025-11,2025-11,1,251.0
6C73FB722DA04BE7,REHABILITATION ASSOCIATES,2025-11,2025-11,1,445.0
6CFE1E36DA6475B1,AVERA HEALTH,2025-11,2025-11,1,61.0
6EA6419497C941F6,WESLEYLIFE,2025-11,2025-11,1,561.0
6F76E0C8E6B90C70,LIONSTONE CARE,2025-11,2025-11,1,611.0
6FE4A28037C48DFC,MATTISYAHU NUSSBAUM,2025-11,2025-11,1,788.0
7146D0FF477DCDC3,ROLLINS-NELSON HEALTHCARE MANAGEMENT,2025-11,2025-11,1,456.0
714BC972771E2A7A,HCF MANAGEMENT INDIANA,2025-11,2025-11,1,252.0
71F1B3409B157616,ESSENTIA HEALTH,2025-11,2025-11,1,813.0
72027CCB7E9186BB,BEAVER VALLEY HOSPITAL,2025-11,2025-11,1,747.0
7217E12D748F87EA,CENTURY CARE MANAGEMENT,2025-11,2025-11,1,131.0
727D398BE31A1CA9,GARDEN SPRINGS HEALTHCARE,2025-11,2025-11,1,805.0
7298B345C9DE42BB,ERICKSON SENIOR LIVING,2025-11,2025-11,1,756.0
72D5B4E862B8F23B,PARAMOUNT CARE CENTERS,2025-11,2025-11,1,774.0
73B80500942572C0,BRICKYARD HEALTHCARE,2025-11,2025-11,1,90.0
74A12ED6C6CDEF69,VIRGINIA HEALTH SERVICES,2025-11,2025-11,1,551.0
74C01DC09ED278D4,REGENCY CARE,2025-11,2025-11,1,440.0
74C2919A70EA01C8,VILLA HEALTHCARE,2025-11,2025-11,1,550.0
74ED38ADF1C9DC3D,IDE MANAGEMENT GROUP,2025-11,2025-11,1,278.0
74F0A8726489B767,CENTRAL ARKANSAS NURSING CENTERS,2025-11,2025-11,1,129.0
74FD47AD2663BD23,ACTS RETIREMENT-LIFE COMMUNITIES,2025-11,2025-11,1,9.0
7555E26638C3B4F8,ARISTACARE,2025-11,2025-11,1,45.0
756A8436D41923CB,CONSULATE HEALTH CAREINDEPENDENCE LIVING CENTERSNSPIRE HEALTHCARERAYDIANT HEALTH CARE,2025-11,2025-11,1,158.0
7575F2F3FC542315,ARBORS AT OHIO,2025-11,2025-11,1,41.0
770A87099E79DDD9,THE ENSIGN GROUP,2025-11,2025-11,1,507.0
77A34DF3A7A4F28A,PACIFIC RETIREMENT SERVICES,2025-11,2025-11,1,391.0
77AFC5C4B8A1F43C,GABRIEL SEBBAG & THE SAMARA FAMILY,2025-11,2025-11,1,786.0
77CA84EDF7B31B1E,ALPHA SNF MA,2025-11,2025-11,1,680.0
78598CD0CF478D00,ATHENA HEALTHCARE SYSTEMS,2025-11,2025-11,1,52.0
79117EF7D58B51FB,RMG CAPITAL PARTNERS,2025-11,2025-11,1,793.0
79580739BE96C573,CRYSTAL SOLORZANO,2025-11,2025-11,1,752.0
798FE247A1563BAC,CENTENNIAL HEALTHCARE,2025-11,2025-11,1,750.0
79EFF454FA14AB5B,ELEVATE CARE,2025-11,2025-11,1,197.0
79F96BC4E592B576,GENERATIONS HEALTHCARE,2025-11,2025-11,1,236.0
7A2D04727157DA4C,DAKAVIA,2025-11,2025-11,1,178.0
7B33F91BBE5C4218,AOM HEALTHCARE,2025-11,2025-11,1,37.0
7BC8ABF2AD1595F2,ELDERWOOD,2025-11,2025-11,1,196.0
7BDE8CFE99983A70,EL DORADO NURSING AND REHABILITATION,2025-11,2025-11,1,609.0
7C74EC0FD92DD895,WESTMINSTER COMMUNITIES OF FLORIDA,2025-11,2025-11,1,563.0
7CF56F553F144922,FIRST ATLANTIC HEALTHCARE,2025-11,2025-11,1,221.0
7D3CCE89F8B5AF16,BENJAMIN LANDA,2025-11,2025-11,1,646.0
7D591D3E6306CE9A,OHANA PACIFIC MANAGEMENT CO.,2025-11,2025-11,1,382.0
7DB7DD34B0A134C1,PHOENIX SENIOR LIVING,2025-11,2025-11,1,402.0
7E420293D0657808,CROWNE HEALTH CARE,2025-11,2025-11,1,174.0
7E57F4473330D762,BALLAD HEALTH,2025-11,2025-11,1,67.0
7E5DC5295ABAB56F,CYPRESS SKILLED NURSING,2025-11,2025-11,1,176.0
7EBCDAA51C1CA693,MADISON CREEK PARTNERS,2025-11,2025-11,1,328.0
7F19E0C1E15D7AC9,AXIOM HEALTHCARE,2025-11,2025-11,1,746.0
7FDA4135386E674C,MAPLE SPRINGS LIVING,2025-11,2025-11,1,333.0
7FFF42664BF9087F,AVID HEALTHCARE GROUP,2025-11,2025-11,1,700.0
8092A1996BAF7F24,CROWN HEALTHCARE GROUP,2025-11,2025-11,1,173.0
81692FC7D0EBBF25,EDEN HEALTHCARE,2025-11,2025-11,1,191.0
81AD531F76CF4811,SUMMIT HEALTHCARE CONSULTING,2025-11,2025-11,1,796.0
8227751EA4E83BDE,SIGNATURE HEALTHCARE,2025-11,2025-11,1,474.0
823B03BDCB3DA1CE,STEIN LTC,2025-11,2025-11,1,490.0
824F78712F8CA0C8,AVANTE CENTERS,2025-11,2025-11,1,59.0
82903D5870C4EE00,ACCURA HEALTHCARE,2025-11,2025-11,1,8.0
82A128232AEC9F9A,LIFEBRITE HOSPITAL GROUP,2025-11,2025-11,1,654.0
82C6446A4B057519,OPTIMA CARE,2025-11,2025-11,1,386.0
82EE49CB014B559F,HEALTH DIMENSIONS GROUP,2025-11,2025-11,1,821.0
83061F8A1AC3D869,NORTHWOOD HEALTHCARE GROUP,2025-11,2025-11,1,772.0
83E81D9F47B24641,CASCADE CAPITAL GROUP,2025-11,2025-11,1,735.0
843EE451DC3FEEF8,CELEBRATE SENIOR LIVING,2025-11,2025-11,1,647.0
84BD5FB2AEA067F1,MISSION HEALTH SERVICES,2025-11,2025-11,1,355.0
8500DADA490B0170,EXCELCARE,2025-11,2025-11,1,757.0
852987BDC83BF0ED,CARMELITE SISTERS FOR THE AGED AND INFIRMED,2025-11,2025-11,1,115.0
86668A46E24E6E2A,PLANTATION MANAGEMENT COMPANY,2025-11,2025-11,1,406.0
86BF22A64677B09A,BHI SENIOR LIVING,2025-11,2025-11,1,80.0
86F64EB92EBA5F98,SOUTHERN ADMINISTRATIVE SERVICES,2025-11,2025-11,1,480.0
8729EB097FC391A6,WECARE CENTERS,2025-11,2025-11,1,705.0
87362203315C1D09,JOURNEY HEALTHCARE,2025-11,2025-11,1,766.0
876E86AE1CD80172,THE SPRINGS ARKANSAS,2025-11,2025-11,1,516.0
877752E5D8473E38,CARDON & ASSOCIATES,2025-11,2025-11,1,105.0
87A10B8C424250A2,VIA CHRISTI VILLAGES,2025-11,2025-11,1,825.0
89F4805C9ABCDFC4,WVU MEDICINE,2025-11,2025-11,1,571.0
8ABE685E832D4AE0,PROGRESSIVE HEALTH CARE CENTERS,2025-11,2025-11,1,426.0
8B653B8ADD05FDA0,ARBORETA HEALTHCARE,2025-11,2025-11,1,618.0
8BC3EC23C6A1395D,CHELSEA JEWISH LIFECARE,2025-11,2025-11,1,138.0
8C1EBF564C33D794,OPTALIS HEALTH & REHABILITATION,2025-11,2025-11,1,601.0
8CFE3DE2E026A2F0,PROMONTORY HEALTHCARE,2025-11,2025-11,1,428.0
8D2A9519E897BD0D,CAPSTONE MANAGEMENT,2025-11,2025-11,1,102.0
8E005E9A40D33E9D,LIFESPARK,2025-11,2025-11,1,316.0
8E24024C28F8A93E,CHAMPION CARE,2025-11,2025-11,1,134.0
8E6C03B495649E36,PREMIER HEALTHCARE OF ILLINOIS,2025-11,2025-11,1,410.0
8EA6369B26D6F49F,COMPLETE CARE,2025-11,2025-11,1,157.0
8F99BE6B744305DE,"COMPASS HEALTH, INC.",2025-11,2025-11,1,156.0
8FF2C1277570EC66,HARBORVIEW HEALTH SYSTEMS,2025-11,2025-11,1,246.0
9059F44EFEBBE440,HEALTH CARE MANAGEMENT GROUP,2025-11,2025-11,1,254.0
90D87D8F56B7EA34,ADVANCED HEALTH CARE,2025-11,2025-11,1,11.0
91FD795FA73B9D98,"THE CHARLY BELLO FAMILY, THE MAZE FAMILY, THE SWAIN FAMILY, & WALTER MYERS",2025-11,2025-11,1,803.0
920F0DB3CB3EF71A,THE GOODMAN GROUP,2025-11,2025-11,1,508.0
92579CEFDA705342,RIVERSIDE HEALTH SYSTEM,2025-11,2025-11,1,453.0
925C3F1FF0439577,ASCENT HEALTHCARE MANAGEMENT,2025-11,2025-11,1,799.0
931C56D4D38DF65B,DELMAR GARDENS,2025-11,2025-11,1,180.0
933E006E15659A8F,CARING PLACE HEALTHCARE GROUP,2025-11,2025-11,1,114.0
933F1080E9F66F6C,DOVE HEALTHCARE,2025-11,2025-11,1,187.0
9429C4AF0C0AC5B0,NEURORESTORATIVE,2025-11,2025-11,1,367.0
9471E8B238ED7324,MICHAEL FEIST,2025-11,2025-11,1,769.0
94C9A3FBF2C25F3C,ROCKY MOUNTAIN CARE,2025-11,2025-11,1,455.0
94F55214D2DA1DF3,CASSIA,2025-11,2025-11,1,120.0
955B6069E5C3BB4A,THE MCGUIRE GROUP,2025-11,2025-11,1,510.0
96340A78C5892DFB,INFINITY HEALTHCARE CONSULTING,2025-11,2025-11,1,763.0
96356F2F127EF371,CHARIS TRUST DTD 122216,2025-11,2025-11,1,136.0
96AA6C5B8D738420,COUNTRY CLUB REHABILITATION CAMPUS,2025-11,2025-11,1,164.0
97084F5E98600A34,"OKLAHOMA NURSING HOMES, LTD.",2025-11,2025-11,1,384.0
971815CF8D81A933,GOLD FL TRUST II,2025-11,2025-11,1,594.0
971CEB1A43D532B6,CIRCLE B ENTERPRISES,2025-11,2025-11,1,145.0
97449BF6DA129796,DAVID VANN & BOYD WRIGHT,2025-11,2025-11,1,723.0
981710AF6D8FBDED,ANEW HEALTHCARE,2025-11,2025-11,1,35.0
9879A8D3F465F00C,GULF COAST LTC PARTNERS,2025-11,2025-11,1,243.0
988977F0E7AD506D,INGLESIDE ENGAGED LIVING,2025-11,2025-11,1,284.0
98926A9964EF71B8,NAHS,2025-11,2025-11,1,362.0
98C9A0E0A7F2C3F5,CAPSTONE HEALTHCARE,2025-11,2025-11,1,801.0
98E2C74C9129B599,HUNTSVILLE HOSPITAL HEALTH SYSTEM,2025-11,2025-11,1,610.0
999CA063B6346098,LEGACY NURSING & REHABILITATION,2025-11,2025-11,1,307.0
99ADDC0D29883D3F,AVALON HEALTH CARE,2025-11,2025-11,1,57.0
99BDD8A08EC55A2A,OTTERBEIN SENIORLIFE,2025-11,2025-11,1,389.0
9A09B10F7CAE27BB,VRC MANAGEMENT,2025-11,2025-11,1,555.0
9A71737E9E5029CC,SOLARIS HEALTHCARE,2025-11,2025-11,1,477.0
9AC18009087F168A,SENIOR LIVING COMMUNITIES,2025-11,2025-11,1,470.0
9BF35B3EF512311F,WHITE OAK MANAGEMENT,2025-11,2025-11,1,564.0
9BF979884BDAB69B,ABRAHAM BAK & MENACHEM GASTWIRTH,2025-11,2025-11,1,4.0
9C8621564A406615,"PEAK RESOURCES, INC.",2025-11,2025-11,1,397.0
9C8C401A785B53C5,ADVINIACARE,2025-11,2025-11,1,16.0
9CC28B1C036CD487,PACS GROUP,2025-11,2025-11,1,690.0
9D4A8964CDD7FEFF,MOMENTUM SKILLED SERVICES,2025-11,2025-11,1,360.0
9DA0538CA939636E,DIVERSICARE HEALTHCARE,2025-11,2025-11,1,185.0
9EE54DBA3959A8D7,UPMC SENIOR COMMUNITIES,2025-11,2025-11,1,537.0
9F6C13A0238550B4,EBENEZER SENIOR LIVING,2025-11,2025-11,1,784.0
9FEDBAA54D3DF61D,SHLOMO RECHNITZ,2025-11,2025-11,1,678.0
A0EDA854C4EA32A4,"ABBY GL, LLC",2025-11,2025-11,1,1.0
A1561E50BA1B04CC,RIGHTCARE HEALTH SERVICES,2025-11,2025-11,1,806.0
A1879285707F4C17,BEDROCK CARE,2025-11,2025-11,1,72.0
A18D5C04CF8CE2B2,PARAMOUNT HEALTHCARE CONSULTANTS,2025-11,2025-11,1,396.0
A1B84199060BF7F8,ELDER OUTREACH NURSING & REHABILITATION,2025-11,2025-11,1,194.0
A1DD6A8789C62EE1,PRESTIGE CARE CENTER,2025-11,2025-11,1,602.0
A2F22DA345D179CD,MISSION POINT HEALTHCARE SERVICES,2025-11,2025-11,1,356.0
A395F35906ADF905,CHARLESTON HEALTHCARE GROUP,2025-11,2025-11,1,137.0
A3BA83A7F4756D65,FRONT PORCH,2025-11,2025-11,1,229.0
A3BF44B28E79FECC,"EPISCOPAL RETIREMENT HOMES, INC.",2025-11,2025-11,1,711.0
A3DE0E27B79ADC11,CASTLE HEALTHCARE,2025-11,2025-11,1,121.0
A441C2BDDD2DB473,ECUMEN,2025-11,2025-11,1,696.0
A479C99523735CD2,PACIFIC HEALTHCARE HOLDINGS,2025-11,2025-11,1,792.0
A507673ECE1DE4B4,EPHRAM LAHASKY,2025-11,2025-11,1,205.0
A5C1FEB3125B9095,PRIORITY HEALTHCARE GROUP,2025-11,2025-11,1,424.0
A621EFA12B163DC9,SANFORD HEALTH GOOD SAMARITAN PROSPERA,2025-11,2025-11,1,464.0
A69C672A979D1536,LITTLE SISTERS OF THE POOR,2025-11,2025-11,1,319.0
A71D53F80CDDD828,OAKBEND MEDICAL CENTER,2025-11,2025-11,1,579.0
A81FFF7C2316C136,THE MANDELBAUM FAMILY,2025-11,2025-11,1,798.0
A8A37859C6C4269C,CROSSROADS MEDICAL MANAGEMENT,2025-11,2025-11,1,172.0
A8DB3561BFF1F738,BONCREST RESOURCE GROUP,2025-11,2025-11,1,86.0
A8F5A7DC20E12EA9,ASCENSION HEALTH,2025-11,2025-11,1,809.0
A925888128B7A8FB,CITIZENS MEMORIAL HEALTH CARE,2025-11,2025-11,1,148.0
A961EC9443B637E2,SYMPHONY CARE NETWORK,2025-11,2025-11,1,501.0
AA0B888ED7C40F44,YAD HEALTHCARE,2025-11,2025-11,1,640.0
AA2E18ABCEB0B8A6,THE GRAND HEALTHCARE,2025-11,2025-11,1,509.0
AAD18125F76F590F,BEDROCK HEALTHCARE,2025-11,2025-11,1,73.0
AAD9AB698E4B20B0,ST. FRANCIS HEALTH SERVICES,2025-11,2025-11,1,487.0
AAFE6ACCEC8E23B7,THE WELLBRIDGE GROUP,2025-11,2025-11,1,517.0
AB6FDB5E7BEECF3B,SENIOR HEALTH SOUTH,2025-11,2025-11,1,729.0
AC5A770E197C3D4E,CRESTPARK,2025-11,2025-11,1,722.0
AD14124938BDE459,ARIA HEALTHCARE,2025-11,2025-11,1,818.0
AD6A7FFB54239DD6,ICARE CONSULTING SERVICES,2025-11,2025-11,1,762.0
ADFA8B19581EE941,IMPERIAL HEALTHCARE GROUP,2025-11,2025-11,1,282.0
AEB5490E556CBDB8,GOOD SAMARITAN SOCIETY,2025-11,2025-11,1,726.0
AF3DB319D1CE0BCB,CERTUS HEALTHCARE,2025-11,2025-11,1,132.0
AFCC48438E7FDEE3,ML HEALTHCARE,2025-11,2025-11,1,358.0
AFD590BE3D2B0549,HELIA HEALTHCARE,2025-11,2025-11,1,263.0
B00A83E5261B8DA6,MICHAEL SLYK,2025-11,2025-11,1,789.0
B173932D4D180078,ONYX HEALTH,2025-11,2025-11,1,385.0
B181ED1FADD7FFD3,PRUITTHEALTH,2025-11,2025-11,1,434.0
B185D8C8A6FBE926,LIFE CARE SERVICES,2025-11,2025-11,1,312.0
B18E55BB3D736199,AZRIA HEALTH,2025-11,2025-11,1,64.0
B1ADCC54729C7F1F,ACCELA HEALTHCARE,2025-11,2025-11,1,733.0
B210B275807E7545,CONTINUING HEALTHCARE SOLUTIONS,2025-11,2025-11,1,159.0
B31796CA0D6ECE54,MAGNOLIA MANOR SENIOR LIVING,2025-11,2025-11,1,329.0
B396A3009BBFE51F,PRESTIGE CARE,2025-11,2025-11,1,417.0
B39CA0C2EF433CC6,VETTER SENIOR LIVING,2025-11,2025-11,1,547.0
B3E2E4B7F480BF7C,"HEALTH CARE FACILITY MANAGEMENT, LLC",2025-11,2025-11,1,814.0
B43C3ED02307F797,ALLEGIANT HEALTHCARE,2025-11,2025-11,1,22.0
B4AA0FD80AB24C81,THE CHRISTIAN AND MISSIONARY ALLIANCE,2025-11,2025-11,1,717.0
B557379A1A79B5E5,ARCADIA CARE,2025-11,2025-11,1,42.0
B59B9E04566E81B4,NORTH MISSISSIPPI HEALTH SERVICES,2025-11,2025-11,1,376.0
B60650574E97DA66,PRIORITY MANAGEMENT,2025-11,2025-11,1,425.0
B615EBB4871D96F2,EMERALD HEALTHCARE,2025-11,2025-11,1,630.0
B61A9A8D7BB5EA94,TENNESSEE STATE VETERANS HOME,2025-11,2025-11,1,704.0
B627D1D82652F216,ARBOR CARE CENTERS,2025-11,2025-11,1,40.0
B6BD9F4C45765315,FOCUSED POST ACUTE CARE PARTNERS,2025-11,2025-11,1,224.0
B6C732B1AEA56FF6,"HEALTH CONCEPTS, LTD.",2025-11,2025-11,1,255.0
B7211811E7470171,KISSITO HEALTHCARE,2025-11,2025-11,1,302.0
B7344665B213CF03,LINKS HEALTHCARE GROUP,2025-11,2025-11,1,318.0
B73A287C486928D0,QUALITY LIFE SERVICES,2025-11,2025-11,1,436.0
B7683DE0BF22120A,BENEDICTINE HEALTH SYSTEM,2025-11,2025-11,1,75.0
B787C13319DF8979,NEW YORK CITY HEALTH HOSPITALS,2025-11,2025-11,1,368.0
B815E280EB19BAE2,TRILOGY HEALTH SERVICES,2025-11,2025-11,1,524.0
B86648F5172BC105,"SNF CARE CENTERS, LLC",2025-11,2025-11,1,816.0
B8C1A200C309CA79,NEXCARE HEALTH SYSTEMS,2025-11,2025-11,1,369.0
B8E5190AE0F17242,GUARDIAN ELDER CARE,2025-11,2025-11,1,242.0
B8FBC70AC65E53D0,PARAGON HEALTHNET,2025-11,2025-11,1,395.0
B97C632FB652F699,NATIONWIDE HEALTHCARE SERVICES,2025-11,2025-11,1,366.0
B9BD98AD1C2E64EA,ALLAIRE HEALTH SERVICES,2025-11,2025-11,1,21.0
B9E55B3D060742E5,CROSS HEALTHCARE MANAGEMENT,2025-11,2025-11,1,751.0
BA327DA183BCED4B,ASPIRE SENIOR LIVING,2025-11,2025-11,1,51.0
BAC495EBBBEC169E,METHODIST RETIREMENT COMMUNITIES,2025-11,2025-11,1,822.0
BB6BA16F2464181E,TLC MANAGEMENT,2025-11,2025-11,1,520.0
BBDAFC798211BEA2,UNIVERSITY OF VERMONT HEALTH NETWORK,2025-11,2025-11,1,535.0
BC030B6B816E62A8,MARQUIS HEALTH SERVICES,2025-11,2025-11,1,336.0
BCC15E56A59F54AE,TRAYLOR PORTER HEALTHCARE,2025-11,2025-11,1,782.0
BD17DFED0FF5CDFC,FUTURE CARELIFEBRIDGE HEALTH,2025-11,2025-11,1,232.0
BEDBE6C5928053CC,ASCENSION LIVING,2025-11,2025-11,1,48.0
BF1E51EEFB6399E1,MILLENNIUM HEALTH SYSTEMS,2025-11,2025-11,1,351.0
BF2898F3AA23271A,PRESBYTERIAN MANORS OF MID-AMERICA,2025-11,2025-11,1,413.0
BF63595E1AB9AA9C,PRESBYTERIAN COMMUNITIES OF SOUTH CAROLINA,2025-11,2025-11,1,411.0
C02B4F2473E9F9B9,REGALCARE,2025-11,2025-11,1,439.0
C0767A0EDCD06062,HAMILTON COUNTY HOSPITAL DISTRICT,2025-11,2025-11,1,589.0
C0D06DEC51D6818E,BANECARE MANAGEMENT,2025-11,2025-11,1,68.0
C0D16BE753932D92,WINDSOR,2025-11,2025-11,1,566.0
C107E078E79B2908,MARINER HEALTH CARE,2025-11,2025-11,1,334.0
C136CE637D360BD9,ARCHCARE,2025-11,2025-11,1,43.0
C17BDFAF620E3D70,BEAR MOUNTAIN HEALTHCARE,2025-11,2025-11,1,70.0
C1B6070AA92E2A44,POLLAK HOLDINGS,2025-11,2025-11,1,408.0
C1DD1F3315B65785,CITADEL CARE CENTERS,2025-11,2025-11,1,146.0
C22D49E0FA3C913C,ALLIANCE HEALTH & HUMAN SERVICES,2025-11,2025-11,1,23.0
C254C3E37687C325,LORIEN HEALTH SERVICES,2025-11,2025-11,1,324.0
C2CCA78983127515,BUCKNER RETIREMENT SERVICES,2025-11,2025-11,1,706.0
C39727A22145E140,TRIO HEALTHCARE,2025-11,2025-11,1,528.0
C3F59B34C09916F0,CALDERA CARE,2025-11,2025-11,1,97.0
C4135EB534B0FEB4,HURLBUT CARE,2025-11,2025-11,1,275.0
C480C60DCCF84146,ABRAHAM SMILOW,2025-11,2025-11,1,808.0
C4C11D96226E357F,RESIDENTIAL ALTERNATIVES OF ILLINOIS,2025-11,2025-11,1,450.0
C4F22E7A2D6FCA62,ONEILL HEALTHCARE,2025-11,2025-11,1,380.0
C59BE6E036FAA915,"PERSONAL HEALTHCARE, LLC",2025-11,2025-11,1,398.0
C6356E7E07923E37,DAVID OBERLANDER,2025-11,2025-11,1,812.0
C65BA66F7D987506,CORNERSTONE GROUP HOLDINGS,2025-11,2025-11,1,162.0
C7EDCB3800D5BA11,SUMMIT LTC,2025-11,2025-11,1,496.0
C87B3BD27B542FAF,SANDSTONE HEALTHCARE GROUP,2025-11,2025-11,1,463.0
C988EC60FCE48F50,ENGAGE HEALTHCARE,2025-11,2025-11,1,755.0
CA2687E3A57B30CA,PRIME HEALTHCARE MANAGEMENT,2025-11,2025-11,1,421.0
CAEFFA93FE342C1B,BEACON HEALTH MANAGEMENT,2025-11,2025-11,1,69.0
CB1A4EF31F79328C,JAMES & JUDY LINCOLN,2025-11,2025-11,1,290.0
CBA20E53B5779E7E,NEXION HEALTH,2025-11,2025-11,1,370.0
CC87197B0E4AE3F1,MONUMENT HEALTH GROUP,2025-11,2025-11,1,770.0
CD54E7D290DC85A0,PEARL HEALTHCARE,2025-11,2025-11,1,595.0
CDDBD29E9B7ADA61,MAXIMUS HEALTHCARE GROUP,2025-11,2025-11,1,338.0
CE084E35B0963DFD,SABA HEALTHCARE,2025-11,2025-11,1,777.0
CE643AEE07960981,VALLEY WEST HEALTH,2025-11,2025-11,1,744.0
CE73C65BF14FCCEE,MEDILODGE,2025-11,2025-11,1,345.0
CE9B6747003E3DB2,PRESTIGE HEALTHCARE ADMINISTRATIVE SERVICES,2025-11,2025-11,1,418.0
CF2675735E7F11E1,RELIANT CARE MANAGEMENT,2025-11,2025-11,1,446.0
CFDAB8CD63B663F6,ESSENTIAL HEALTHCARE,2025-11,2025-11,1,212.0
D03C1F5BC354B6C8,NHS MANAGEMENT,2025-11,2025-11,1,372.0
D101F81E4FA85F03,VIBRA HEALTHCARE,2025-11,2025-11,1,549.0
D18E82B110A37D22,MILLERS MERRY MANOR,2025-11,2025-11,1,352.0
D239BCB9A1C030E7,FOURCOOKS SENIOR CARE,2025-11,2025-11,1,759.0
D253B5E772EDF1CF,CYPRESS HEALTHCARE GROUP,2025-11,2025-11,1,175.0
D2817E265485E303,THE ALDEN NETWORK,2025-11,2025-11,1,504.0
D361FF4D7BB62EF6,THE SHERMAN FAMILY,2025-11,2025-11,1,781.0
D3B3AEC121C8F8FD,IGNITE MEDICAL RESORTS,2025-11,2025-11,1,279.0
D477A6DE75258269,PALLADIAN HEALTHCARE,2025-11,2025-11,1,393.0
D4B1737B7DC5DF9C,APERION CARE,2025-11,2025-11,1,38.0
D4BCF4EC9DF44ED7,DIOCESAN HEALTH FACILITIES,2025-11,2025-11,1,184.0
D5732B79D3ECC55E,CREST HEALTHCARE CONSULTING,2025-11,2025-11,1,170.0
D58C6FE1405BB92A,LIBERTY SENIOR LIVING,2025-11,2025-11,1,310.0
D5E44766CF31CA2D,PAVILION HEALTHCARE,2025-11,2025-11,1,612.0
D60E145AABBBB56F,ANTHONY & BRYAN ADAMS,2025-11,2025-11,1,36.0
D6BFF7D5BAB62139,FOUNDATIONS HEALTH SOLUTIONS,2025-11,2025-11,1,225.0
D7AECECC8BECF887,MARSH POINTE MANAGEMENT,2025-11,2025-11,1,337.0
D7CBE3B046CDFC2F,ELEVATION HEALTHCARE,2025-11,2025-11,1,686.0
D891345947174DDB,THE PAVILION GROUP,2025-11,2025-11,1,514.0
D92AD0F0F358E079,LUTHERAN SERVICES CAROLINAS,2025-11,2025-11,1,327.0
D9E19DCB19438BE4,"WISCONSIN ILLINOIS SENIOR HOUSING, INC.",2025-11,2025-11,1,569.0
DA1AB4107D4F91BD,COLUMBINE HEALTH SYSTEMS,2025-11,2025-11,1,707.0
DA673F9C11D322F5,AYDEN HEALTHCARE,2025-11,2025-11,1,63.0
DAD184EFAFB0D509,VENTURA SERVICES FLORIDA,2025-11,2025-11,1,544.0
DAFAD0A832CA8E76,EVERTRUE,2025-11,2025-11,1,785.0
DB058C05061EDDD5,VERITAS MANAGEMENT GROUP,2025-11,2025-11,1,545.0
DB1D80329EF4040F,BAYSHIRE SENIOR COMMUNITIES,2025-11,2025-11,1,682.0
DBFBA99B1A6439E0,COMMUNITY CARE CENTERS,2025-11,2025-11,1,154.0
DC6F0932AA09E33F,GOLDWATER CARE,2025-11,2025-11,1,699.0
DE1E7AB5469CE1CE,WEST HARBOR HEALTHCARE,2025-11,2025-11,1,596.0
DEE7A06E3DB296A0,ROYAL HEALTH GROUP,2025-11,2025-11,1,457.0
DEF47BD7D4CFA1D9,PERSONAL HEALTHCARE MANAGEMENT,2025-11,2025-11,1,677.0
DF07CD33EA077C95,ADVENTIST HEALTH,2025-11,2025-11,1,671.0
DFE8B124B0F57768,LIFEWORKS REHAB,2025-11,2025-11,1,768.0
E05051C69D3DB7EB,MGM HEALTHCARE,2025-11,2025-11,1,348.0
E0A7A4F8159CD72C,COREWELL HEALTH,2025-11,2025-11,1,721.0
E0D4D05A5E019BA8,MORDECHAI WEISZ,2025-11,2025-11,1,712.0
E12D2CB9C635CC89,SABER HEALTHCARE GROUP,2025-11,2025-11,1,461.0
E21F674A538031E5,THE ROSENBERG FAMILY,2025-11,2025-11,1,685.0
E30045A63A6156C1,PALM GARDEN HEALTH AND REHABILITATION,2025-11,2025-11,1,394.0
E40A150C3EA6CDA2,LME FAMILY HOLDINGS,2025-11,2025-11,1,321.0
E6A1E7F158258427,IMMANUEL,2025-11,2025-11,1,281.0
E6D1315DDB1A692E,SUNRISE SENIOR LIVING,2025-11,2025-11,1,498.0
E7617275C7D86314,THE PEPLINSKI GROUP,2025-11,2025-11,1,515.0
E784AFA0947F287B,MAJESTIC CARE,2025-11,2025-11,1,331.0
E7B0337E49896523,AMERICAN SENIOR COMMUNITIES,2025-11,2025-11,1,33.0
E8012716EA8EA434,SYNERGY SENIOR CARE,2025-11,2025-11,1,502.0
E90CA6AEB4C4FB68,ASBURY COMMUNITIES,2025-11,2025-11,1,47.0
E9544B3AF513195D,EVA CARE GROUP,2025-11,2025-11,1,213.0
E99CA12161217F77,AJC HEALTHCARE,2025-11,2025-11,1,616.0
E9EA8A6FB87A4C99,KINGSTON HEALTHCARE,2025-11,2025-11,1,301.0
EB0861D467C0DA88,THE MAYER FAMILY,2025-11,2025-11,1,780.0
EB267503680128AF,TOUCHSTONE COMMUNITIES,2025-11,2025-11,1,521.0
EBE3F0D34DC56D02,SKLD,2025-11,2025-11,1,475.0
EC0C3EF5C191FCD5,KALESTA HEALTHCARE GROUP,2025-11,2025-11,1,297.0
ECC3A6A795F24BF2,ENVIVE HEALTHCARE,2025-11,2025-11,1,204.0
EDADA365EE78ABBD,WELLSENTIAL HEALTH,2025-11,2025-11,1,670.0
EE7BF44DDA4EA0E1,UNITED METHODIST HOMES,2025-11,2025-11,1,534.0
EEBD535B84233BC6,MB HEALTHCARE,2025-11,2025-11,1,341.0
EF1CED1D392363F0,EXCELSIOR CARE GROUP,2025-11,2025-11,1,217.0
EF9554E07CD7CF0D,AMERICAN HEALTH FOUNDATION,2025-11,2025-11,1,31.0
EFDED6B9449E1E19,NOLAND HEALTH,2025-11,2025-11,1,374.0
F02467D70190AF2E,ENCORE HEALTH PARTNERS,2025-11,2025-11,1,697.0
F0412B018B9F4397,CIENA HEALTHCARELAUREL HEALTH CARE,2025-11,2025-11,1,144.0
F0C43D72F24C097C,PUREHEALTH,2025-11,2025-11,1,586.0
F0CFF8615640F2F4,OCEAN HEALTHCARE,2025-11,2025-11,1,381.0
F0E41CDBFE88D194,DIAKONOS GROUP,2025-11,2025-11,1,182.0
F0F1CC73A813568E,RILEY SPENCE SENIOR LIVING,2025-11,2025-11,1,658.0
F1FE2FD98F06365C,CAREONE,2025-11,2025-11,1,109.0
F263BE0A3A7876A8,CARING HEALTHCARE GROUP,2025-11,2025-11,1,113.0
F34CF124D12237DC,RYDERS HEALTH MANAGEMENT,2025-11,2025-11,1,458.0
F46DCC1F2081B33C,"WINDSOR HOUSE, INC.",2025-11,2025-11,1,567.0
F47CF162186F291A,CARERITE CENTERS,2025-11,2025-11,1,110.0
F51AD25F31E7A826,PROMEDICA SENIOR CARE,2025-11,2025-11,1,743.0
F54E6E89ABC8B5EA,LEGACY HEALTHCARE,2025-11,2025-11,1,306.0
F5A8266987D66066,VENZA CARE MANAGEMENT,2025-11,2025-11,1,614.0
F632C21386767EC0,SAPPHIRE HEALTH SERVICES,2025-11,2025-11,1,643.0
F6A6E2C74A77DA08,RECOVER-CARE HEALTHCARE,2025-11,2025-11,1,438.0
F6FE30D86C0A8081,ATRIUM HEALTH,2025-11,2025-11,1,55.0
F77846F7E9489343,UNITED CHURCH HOMES,2025-11,2025-11,1,533.0
F7AA773E4A9C4E7C,DAVID & FRANK JOHNSON,2025-11,2025-11,1,811.0
F80A97FA4F03D1FF,NATIONAL HEALTHCARE CORPORATION,2025-11,2025-11,1,364.0
F963CE03DF02BEB4,CASA CONSULTING,2025-11,2025-11,1,695.0
F9F6E4B5D2D4AE32,CARE INITIATIVES,2025-11,2025-11,1,106.0
FA26B70BA46E9DFC,LONGWOOD MANAGEMENT CORPORATION,2025-11,2025-11,1,323.0
FA520CBC2FEF7AE6,FRONTLINE MANAGEMENT,2025-11,2025-11,1,230.0
FAC925212927C61B,CASCADIA HEALTHCARE,2025-11,2025-11,1,118.0
FADAFB995F0E5B4D,PRIME HEALTH CARE ENTERPRISES,2025-11,2025-11,1,419.0
FB3B4841DDF9B2B6,CARADAY HEALTHCARE,2025-11,2025-11,1,103.0
FB41785C1A9EFA70,GREEN TREE HEALTHCARE MANAGEMENT,2025-11,2025-11,1,241.0
FBB2D12B0E90D921,GARDEN HEALTHCARE GROUP,2025-11,2025-11,1,760.0
FBDFCFE5994AE0B1,COMMUNITY ELDERCARE SERVICES,2025-11,2025-11,1,155.0
FC179320D62EC77B,TEXVET,2025-11,2025-11,1,503.0
FCAC3161714707C9,NORTH SHORE HEALTHCARE,2025-11,2025-11,1,377.0
FD612C0674D5D588,STONEGATE SENIOR LIVING,2025-11,2025-11,1,495.0
FE5F21B35AC0DFF8,TWIN RIVERS HEALTH & REHABILITATION,2025-11,2025-11,1,532.0
FED69BCE3D43AD4D,STONEHENGE OF UTAH,2025-11,2025-11,1,613.0
FED6EE1B5655EA17,"SUMMITT CARE II, INC.",2025-11,2025-11,1,497.0
FF408538219DE4E6,PRESBYTERIAN HOMES & SERVICES,2025-11,2025-11,1,412.0
FF45ED97266B8C71,AKIKO IKE,2025-11,2025-11,1,582.0
FF5818342F5CA289,SMP HEALTH,2025-11,2025-11,1,476.0
8EC6B6AF1A41FA26,ABCM CORPORATION,2026-01,2026-01,1,2.0
0A1112CF791F76D8,ABLEHEARTS,2026-01,2026-01,1,3.0
63EF6E3826F62D07,ABRI HEALTH CARE,2026-01,2026-01,1,5.0
08ADD015F918F853,ADVENTHEALTH CARE CENTER,2026-01,2026-01,1,14.0
6391EFD5D49D1942,"AL 6 HOLDINGS, LLC",2026-01,2026-01,1,19.0
C6D7321FE5E3ACE9,BENJAMIN LANDA & BENT PHILIPSON,2026-01,2026-01,1,77.0
EF21B5C03C7F9B0D,"BHVC, LLC",2026-01,2026-01,1,83.0
68749B153EDF3A4B,CENTENNIAL COLORADO HOLDCO,2026-01,2026-01,1,600.0
B5A5B1FCECCF5E3E,CHI LIVING COMMUNITIES,2026-01,2026-01,1,140.0
85D78D0FF08AAAF3,CHOICE HEALTH MANAGEMENT,2026-01,2026-01,1,141.0
7486F0B1AC4EE82C,DIAKON SENIOR LIVING,2026-01,2026-01,1,183.0
11461A118FE073AD,DYCORA TRANSITIONAL HEALTH,2026-01,2026-01,1,190.0
2063E0DD537D7F2B,EMERALD CARE,2026-01,2026-01,1,203.0
D65494D5A4B2C77C,EMPRES HEALTHCARE GROUP,2026-01,2026-01,1,206.0
5DB7BBBBCEFD9DC8,EPIC GROUP,2026-01,2026-01,1,209.0
503E937DA085D7B7,EPIC HEALTHCARE SOLUTIONS,2026-01,2026-01,1,211.0
06F9F45B57915F30,EVANGELICAL GOOD SAMARITAN SOCIETY,2026-01,2026-01,1,592.0
676DF78D52068859,EVENTIDE SENIOR LIVING COMMUNITIES,2026-01,2026-01,1,218.0
3F4D3A3D46FEB939,FUTURE CARE/LIFEBRIDGE HEALTH,2026-01,2026-01,1,235.0
EEC5138069C8C953,GUNDERSEN HEALTH SYSTEM,2026-01,2026-01,1,247.0
62FE64D5E24E1071,HACKENSACK MERIDIAN HEALTH,2026-01,2026-01,1,248.0
209C2999863027C7,HCR MANORCARE,2026-01,2026-01,1,256.0
9016C2FDBAA991F8,"HEALTH SCHOLARSHIPS, INC.",2026-01,2026-01,1,259.0
073551D01EBF09B7,HENDRICKS COUNTY HOSPITAL,2026-01,2026-01,1,267.0
E11900EAA3755BBB,INFINITY HEALTHCARE MANAGEMENT,2026-01,2026-01,1,287.0
DD384A6F9BC207C4,INTEGRO HEALTHCARE HOLDINGS,2026-01,2026-01,1,292.0
10D9432C6EBB8055,JPH CONSULTING,2026-01,2026-01,1,298.0
B4914BCAB55A975C,LEXINGTON HEALTH MANAGEMENT,2026-01,2026-01,1,313.0
5B8BC3AE460AA640,LOFT HEALTHCARE,2026-01,2026-01,1,326.0
BE5C3419D9283920,MAYBROOK C HOLDINGS,2026-01,2026-01,1,343.0
8885E6954F4A36E3,MEDICAL FACILITIES OF AMERICA,2026-01,2026-01,1,347.0
E9916A5780CD9170,MICHAEL BLEICH,2026-01,2026-01,1,353.0
198FB3B914CD05E5,PROVIDENCE GROUP,2026-01,2026-01,1,433.0
A0D49EE512435B48,PROVIDENCE LIFE SERVICES,2026-01,2026-01,1,437.0
2D2DFA491A2DB5AE,QUORUM HEALTH,2026-01,2026-01,1,441.0
68E4E773C5BEF5D1,REGENT MANAGEMENT SERVICES,2026-01,2026-01,1,448.0
84FAA91CFF96D0DC,RELIANT MANAGEMENT GROUP,2026-01,2026-01,1,452.0
2A2F80998F9A5837,SALTER HEALTHCARE,2026-01,2026-01,1,467.0
7834EB5AD7442AB1,SANFORD HEALTH GOOD SAMARITAN (PROSPERA),2026-01,2026-01,1,469.0
A8A68691B5652C22,SAVA SENIOR CARE,2026-01,2026-01,1,472.0
99E99D18E408C72E,SHERMAN FAMILY,2026-01,2026-01,1,478.0
76E8BDD42140E726,SOLIVITA HEALTHCARE,2026-01,2026-01,1,483.0
B22C67DB029B927A,SUPERIOR HEALTHCARE MANAGEMENT,2026-01,2026-01,1,506.0
E827A3FF3DFBAB69,THE MEDICAL RESORT,2026-01,2026-01,1,518.0
1F5E127DD2FE30FB,TIFFFANY CARE CENTERS,2026-01,2026-01,1,526.0
02B794C69F9F881A,TRILLIUM HEALTHCARE CONSULTING,2026-01,2026-01,1,530.0
914CC0DB39429ACC,USA HEALTHCARE - ALABAMA,2026-01,2026-01,1,546.0
E34FBC474F843A7B,VESTRACARE,2026-01,2026-01,1,553.0
CD38A6D99DD79696,WE CARE CENTERS,2026-01,2026-01,1,565.0
DF8DADA034F12C36,AMERICAN MEDICAL FACILITIES MANAGEMENT,2026-01,2026-01,1,32.0
5C6B09C97DEFFDFD,ARDEN PLACE,2026-01,2026-01,1,44.0
4CE4F67622C38482,ARROWHEAD HEALTHCARE PARTNERS,2026-01,2026-01,1,46.0
AB3F1BFAF582EBBC,AXIOM HEALTHCARE SERVICES,2026-01,2026-01,1,62.0
22BE433342AC0B4D,B.V. GENERAL,2026-01,2026-01,1,65.0
4CC48ABCC7BE2374,BEEBE FAMILY,2026-01,2026-01,1,74.0
2BF6AD9859E5AE4F,BENJAMIN LANDA & BENT PHILIPSON,2026-01,2026-01,1,76.0
B5FBF04AC01D78DD,BETHESDA HEALTH,2026-01,2026-01,1,77.0
091BCED2482A3A6D,"BHCP OK4 HH-H SPONSOR, LLC",2026-01,2026-01,1,79.0
3F07CC563F51E339,BHP SERVICES,2026-01,2026-01,1,81.0
58FFB048F466405F,BLUE CENTRAL GROUP,2026-01,2026-01,1,83.0
ABACA0E7889B58BF,BLUE SPRING HEALTHCARE PARTNERS,2026-01,2026-01,1,85.0
4A0C0041252696A4,BRIUS MANAGEMENT,2026-01,2026-01,1,92.0
D08563BE89648CE6,CANYON CREEK HEALTHCARE,2026-01,2026-01,1,101.0
F2D43FBB596F740A,CAPITAL HEALTH CARE NETWORK,2026-01,2026-01,1,600.0
58481B22961518C4,CARAVAN OPERATIONS,2026-01,2026-01,1,104.0
2B4C5B98B09FB72D,CARE NETWORK,2026-01,2026-01,1,107.0
84DEE49BFB41B0B7,CENTRACARE HEALTH,2026-01,2026-01,1,126.0
99FC01DAF8D0EB86,CHOSEN HEALTHCARE,2026-01,2026-01,1,139.0
912BB071AF796159,CHRISTIAN HORIZONS,2026-01,2026-01,1,141.0
507F253FEEB81DE1,EMPRES HEALTHCARE GROUP,2026-01,2026-01,1,200.0
ADC69C11A577BD58,EPIC GROUP,2026-01,2026-01,1,203.0
40BFF94F5ABFE734,EPISCOPAL RETIREMENT SERVICES,2026-01,2026-01,1,206.0
94BFD1E7785649BF,EVANGELICAL GOOD SAMARITAN SOCIETY,2026-01,2026-01,1,575.0
0F9671A07EED1A1F,EVANGELICAL LUTHERAN GOOD SAMARITAN SOCIETY,2026-01,2026-01,1,211.0
4188D5C83FF2215E,EXTENDED CARE ASSOCIATES,2026-01,2026-01,1,215.0
A3610D68F3BFBA82,GRACE HEALTHCARE,2026-01,2026-01,1,235.0
12164E1AFA5C1A66,GUNDERSEN HEALTH SYSTEM,2026-01,2026-01,1,240.0
F21587F1C1B3CADC,HARRISON SENIOR LIVING,2026-01,2026-01,1,244.0
109838A668C68888,HICKORY CREEK HEALTHCARE FOUNDATION,2026-01,2026-01,1,264.0
7CD9F0A65AE8138F,JANET & BRENDA MANDELBAUM,2026-01,2026-01,1,287.0
7783E53E97777150,JMS SENIOR LIVING,2026-01,2026-01,1,288.0
158B4C29642DF6F7,KBWB OPERATIONS,2026-01,2026-01,1,294.0
36D484E755264D9C,KPC PROMISE HEALTHCARE,2026-01,2026-01,1,299.0
814BEE8C30B72DC1,LIGHTNING CREEK INVESTMENT GROUP,2026-01,2026-01,1,313.0
6B4519A86BFEE0BB,MAINE VETERANS' HOME,2026-01,2026-01,1,326.0
F76A072A2F7891AD,MEDICAL FACILITIES OF AMERICA,2026-01,2026-01,1,339.0
7486FD1D39540E7B,MIMA HEALTHCARE,2026-01,2026-01,1,349.0
C9199D1AA189B966,PACIFICA SENIOR LIVING,2026-01,2026-01,1,387.0
0D5D8FC8C0549933,REACH LTC,2026-01,2026-01,1,432.0
6B2122199024693D,RENEW HEALTH CONSULTING SERVICES,2026-01,2026-01,1,443.0
CAD4DEDE915F5403,SANFORD HEALTH GOOD SAMARITAN (PROSPERA),2026-01,2026-01,1,459.0
54430AD0FB6C9358,SAVA SENIOR CARE,2026-01,2026-01,1,462.0
37BF1CE990EF3536,SENIOR PHILANTHROPY,2026-01,2026-01,1,467.0
C7AA253A47334BBE,SOUTH LIMESTONE HOSPITAL DISTRICT,2026-01,2026-01,1,473.0
D1F5274E18050BCB,STATE OF NEW YORK COMPTROLLER'S OFFICE,2026-01,2026-01,1,483.0
403A0AC71226552B,TRINITY HEALTHCARE,2026-01,2026-01,1,519.0
E994BDDB7982D1F3,TRUSTCARE MANAGEMENT,2026-01,2026-01,1,523.0
121E2DB568CF7E24,VESTRACARE,2026-01,2026-01,1,539.0
CA3E3E8A6533D2EF,VIVIANT HEALTHCARE MANAGEMENT,2026-01,2026-01,1,546.0
83E198500F426E3F,WELLSPRING LUTHERAN SERVICES,2026-01,2026-01,1,572.0
E53251FA897FD877,WHITTIER HEALTH NETWORK,2026-01,2026-01,1,557.0
141368D4198A5D76,ABRAHAM KRAUS,2026-01,2026-01,1,615.0
1813A236343D933F,ALEXANDER PLATSCHEK & BENJAMIN LANDA,2026-01,2026-01,1,622.0
5F60F27FFAF97CD0,APOLLO HEALTHCARE,2026-01,2026-01,1,617.0
C29E484238F09A50,BENT PHILIPSON,2026-01,2026-01,1,572.0
05C5D5714D1E01D3,BIG ROCK SNF HOLDINGS,2026-01,2026-01,1,606.0
9999F6CEE04210AC,CAPITAL HEALTH CARE NETWORK,2026-01,2026-01,1,607.0
1EBEA96554B0F035,CARROLTON HEALTH,2026-01,2026-01,1,116.0
D0276C0691ED1558,CENTENNIAL COLORADO HOLDCO,2026-01,2026-01,1,592.0
6B8AF45EC9DF8B72,CENTERS FOR AGING AND REHABILITATION OF FLORIDA,2026-01,2026-01,1,126.0
17FD38C19B606B78,CENTRACARE HEALTH,2026-01,2026-01,1,128.0
A4B363878AD07E2C,CHANCELLOR HEALTHCARE,2026-01,2026-01,1,135.0
A3BCF6562B3AE8D3,CHI LIVING COMMUNITIES,2026-01,2026-01,1,139.0
9ED1ECA9A29241A5,CHOICE HEALTH MANAGEMENT,2026-01,2026-01,1,140.0
CD95E88D2D3955E8,CHOICE HEALTHCARE,2026-01,2026-01,1,588.0
42DCEB1EBF67C044,CHOSEN HEALTHCARE,2026-01,2026-01,1,141.0
D266FB3A160C2080,CHRISTIAN HORIZONS,2026-01,2026-01,1,143.0
95D31B544B10B50B,CROSSROADS CARE CENTER,2026-01,2026-01,1,171.0
23E0C7C3735B2104,"D&N, LLC",2026-01,2026-01,1,177.0
C4A333C54A435156,DIGNITY HEALTH,2026-01,2026-01,1,183.0
F8C87A5B25419D77,DYCORA TRANSITIONAL HEALTH,2026-01,2026-01,1,188.0
A7E6011D35E62F10,EMERALD CARE,2026-01,2026-01,1,200.0
5A67FAA8D80D07CE,EMERALD NURSING & REHAB,2026-01,2026-01,1,201.0
F299FD4D6DC4C9D5,EMPRES HEALTHCARE GROUP,2026-01,2026-01,1,203.0
243414FB7F8ABA64,EPIC GROUP,2026-01,2026-01,1,206.0
D299911DE3CC6D33,EPIC HEALTHCARE SOLUTIONS,2026-01,2026-01,1,208.0
D10048F820F2D5F5,EPISCOPAL RETIREMENT SERVICES,2026-01,2026-01,1,209.0
744924B6F6E027F6,ERICKSON LIVING,2026-01,2026-01,1,210.0
0881355627A4EE18,EVANGELICAL GOOD SAMARITAN SOCIETY,2026-01,2026-01,1,584.0
084E14484EC49A5E,EVANGELICAL LUTHERAN GOOD SAMARITAN SOCIETY,2026-01,2026-01,1,214.0
6AD47FCB514EA9D9,EXTENDED CARE ASSOCIATES,2026-01,2026-01,1,218.0
1A14FF01BBB78ED1,GARDEN HEALTHCARE,2026-01,2026-01,1,233.0
C4F6C0A4CD7EC8F7,GENERAL BAPTIST HEALTHCARE,2026-01,2026-01,1,234.0
5E5287DD608C680E,GRACE HEALTHCARE,2026-01,2026-01,1,239.0
3C8087BB4625D07A,GRANE HEALTHCARE,2026-01,2026-01,1,240.0
D596497D826C6273,GUNDERSEN HEALTH SYSTEM,2026-01,2026-01,1,244.0
CE85082A1D1D1543,HACKENSACK MERIDIAN HEALTH,2026-01,2026-01,1,245.0
63093D5CA1694FEF,HARRISON SENIOR LIVING,2026-01,2026-01,1,248.0
C22F6EE42B4E3658,HCR MANORCARE,2026-01,2026-01,1,253.0
EA85B2FB061DC696,"HEALTH SCHOLARSHIPS, INC.",2026-01,2026-01,1,256.0
449076580FD999B7,"HEALTH SYSTEMS FACILITIES, INC.",2026-01,2026-01,1,258.0
651393FFF7969363,"HEALTHCARE ACCOUNTING SERVICES, LLC",2026-01,2026-01,1,259.0
58B58BFF14E7F7A2,HENDRICKS COUNTY HOSPITAL,2026-01,2026-01,1,264.0
B91C5FE4A0E2FD91,HICKORY CREEK HEALTHCARE FOUNDATION,2026-01,2026-01,1,268.0
CAF48C25422017A8,INFINITY HEALTHCARE MANAGEMENT,2026-01,2026-01,1,283.0
B63D8691D72F3E14,INNOVATIVE HEALTHCARE MANAGEMENT,2026-01,2026-01,1,285.0
82908EFB543B4E5F,INTEGRO HEALTHCARE HOLDINGS,2026-01,2026-01,1,288.0
D6277228452DFF9C,JANET & BRENDA MANDELBAUM,2026-01,2026-01,1,291.0
66AC4F0BBCC109AA,JMS SENIOR LIVING,2026-01,2026-01,1,292.0
23B6054A7DEC5E52,JONATHAN BLEIER & YAAKOV SOD,2026-01,2026-01,1,293.0
0C82D7C1DA30684A,JPH CONSULTING,2026-01,2026-01,1,294.0
4278117DF3A346B6,KPC PROMISE HEALTHCARE,2026-01,2026-01,1,303.0
2363692C395D44DD,LEVERING MANAGEMENT,2026-01,2026-01,1,308.0
7EE9E582E200FA10,LEXINGTON HEALTH MANAGEMENT,2026-01,2026-01,1,309.0
B4513E37BAFAF716,LIFEPOINT HOSPITALS,2026-01,2026-01,1,314.0
C84E8673585AE672,LIGHTNING CREEK INVESTMENT GROUP,2026-01,2026-01,1,317.0
84D4A12B78500296,LIVE OAK HEALTHCARE,2026-01,2026-01,1,320.0
DD3ADFB529503310,LUTHERAN SENIOR SERVICES,2026-01,2026-01,1,326.0
B5832AE40007ACC0,MAINEHEALTH,2026-01,2026-01,1,600.0
DA7C69866AC41050,MAYBROOK C HOLDINGS,2026-01,2026-01,1,339.0
E833E5BF34AF3A6F,MAYER FAMILY,2026-01,2026-01,1,340.0
B5972EE4E96ED86F,MCCULLOCH COUNTY HOSPITAL DISTRICT,2026-01,2026-01,1,342.0
2DA1A9AAAF089ACD,MEDICAL FACILITIES OF AMERICA,2026-01,2026-01,1,343.0
3606ACAE702C78F8,MICHAEL BLEICH,2026-01,2026-01,1,349.0
3503F2FDEEC255E3,OPIS SENIOR SERVICES GROUP,2026-01,2026-01,1,574.0
9E550522C35515CB,OPTIMUM HEALTHCARE MANAGEMENT,2026-01,2026-01,1,387.0
4D1443D25F0AC6D9,PACIFICA SENIOR LIVING,2026-01,2026-01,1,392.0
4783B212410EBB0D,PIEDMONT REGIONAL HEALTH,2026-01,2026-01,1,575.0
830C7EC6CD201594,POLARIS HEALTHCARE,2026-01,2026-01,1,407.0
3478C9503640AF68,PRESBYTERIAN SENIOR CARE NETWORK,2026-01,2026-01,1,414.0
A6EB272EA2D25ABC,PROVIDENCE GROUP,2026-01,2026-01,1,429.0
1604284BEFB196D7,PROVIDENCE HEALTHCARE MANAGEMENT,2026-01,2026-01,1,432.0
E6BBA6959D85BDCC,PROVIDENCE LIFE SERVICES,2026-01,2026-01,1,433.0
39E55903C5B5717A,PULASKI MEMORIAL HOSPITAL,2026-01,2026-01,1,435.0
EAC1D11A9DDAD686,REACH LTC,2026-01,2026-01,1,437.0
21C1E543FE5C80A7,REGENCY INTEGRATED HEALTH SERVICES,2026-01,2026-01,1,441.0
B9FB4FBB8958191A,REGENT MANAGEMENT SERVICES,2026-01,2026-01,1,443.0
B124A2549064E006,RELIANT MANAGEMENT GROUP,2026-01,2026-01,1,447.0
47043328252B0879,RENEW HEALTH CONSULTING SERVICES,2026-01,2026-01,1,448.0
7F9A25917970DB83,RETIREMENT HOUSING FOUNDATION,2026-01,2026-01,1,451.0
3CC571ABE768F5DB,S-H FORTY-NINE OPCO VENTURES,2026-01,2026-01,1,459.0
60158885E4821BF1,SALTER HEALTHCARE,2026-01,2026-01,1,462.0
801EB78D5897593A,SAVA SENIOR CARE,2026-01,2026-01,1,467.0
09E36198AFBAA516,SENIOR CARE CENTERS,2026-01,2026-01,1,469.0
A2F723E8AA4C5555,SENIOR LIVING PROPERTIES,2026-01,2026-01,1,471.0
ED98AB884D60CB54,SENIOR PHILANTHROPY,2026-01,2026-01,1,472.0
9D9647E919CED7C8,SHERMAN FAMILY,2026-01,2026-01,1,473.0
539FF7EC7785CD99,SOUTH LIMESTONE HOSPITAL DISTRICT,2026-01,2026-01,1,479.0
6E54DD295F424D74,SPECTRUM HEALTH,2026-01,2026-01,1,483.0
97FF2A2F09EE4675,STERN THERAPY CONSULTANTS,2026-01,2026-01,1,493.0
1F1C0CA16973D7FF,THE CARPENTER HEALTH NETWORK,2026-01,2026-01,1,506.0
8E7924AEEFB6DB72,THE MEDICAL RESORT,2026-01,2026-01,1,511.0
E0013CB1AFA067E3,THOMAS CHAMBERS & DAVID JOHNSON,2026-01,2026-01,1,518.0
248516843D3B4E05,TRINITY HEALTHCARE,2026-01,2026-01,1,526.0
1C558498B35D65B0,TROUSDALE LIVING COMMUNITIES,2026-01,2026-01,1,529.0
1E5A7D6D4C37D67D,TRUSTCARE MANAGEMENT,2026-01,2026-01,1,530.0
E5F5B1FB94217331,USA HEALTHCARE - ALABAMA,2026-01,2026-01,1,539.0
77FEF8736387FF59,VALLEY STREAM OPERATOR,2026-01,2026-01,1,541.0
EDCC3F90C07B39D1,VESTRACARE,2026-01,2026-01,1,546.0
FD5561F0584C7FB7,VIVIANT HEALTHCARE MANAGEMENT,2026-01,2026-01,1,553.0
FAB7756E74567040,WATERMARK COMMUNITIES,2026-01,2026-01,1,556.0
F137D71D2593562E,WELLBROOK SENIOR LIVING,2026-01,2026-01,1,558.0
5C12E5FE5260B11B,WELLSPRING LUTHERAN SERVICES,2026-01,2026-01,1,581.0
79B514E310DFA1DB,WEST WHARTON COUNTY HOSPITAL DISTRICT,2026-01,2026-01,1,562.0
2713791AFBC97BC1,WHITTIER HEALTH NETWORK,2026-01,2026-01,1,565.0
F20180AA515F599C,CHEYENNE SHERIDAN OPCO HOLDINGS,2026-01,2026-01,1,625.0
EB3EF2AF0F1C0516,THE PALMS NURSING AND REHAB,2026-01,2026-01,1,626.0
ACCB04989FBA210B,CASA HEALTHCARE,2026-01,2026-01,1,629.0
FB13C42956A0F95B,TAMPA 5 FL HOLDCO,2026-01,2026-01,1,631.0
8455D0CF8784D79A,WE CARE CENTERS,2026-01,2026-01,1,632.0
3789E4690085E866,BIRCHWOOD,2026-01,2026-01,1,634.0
E5BCECCE08293C0C,TRAYLOR PORTER HEALTHCARE MANAGEMENT,2026-01,2026-01,1,635.0
0FE6876C49BAE73B,CARMELITE SISTERS FOR THE AGED AND INFIRM,2026-01,2026-01,1,637.0
AD5333ACEA8F491C,CYPRESS HEALTHCARE LA,2026-01,2026-01,1,642.0
46781205460C06D6,REACH LTC,2026-01,2026-01,1,639.0
2E315ED930B3B50F,ADVENTHEALTH CARE CENTER,2026-01,2026-01,1,644.0
E6EDD0BE1352EB1F,AMERICAN MEDICAL FACILITIES MANAGEMENT,2026-01,2026-01,1,645.0
92B22C49F7F697BB,DAVID GAMZEH & GABRIEL SEBBAG,2026-01,2026-01,1,648.0
72D49F07B1E0F5FA,PHILIPSON FAMILY,2026-01,2026-01,1,656.0
5DFD85B51367D667,SPRING HILLS,2026-01,2026-01,1,660.0
A1956E1098EDB530,DAVID WEISZ,2026-01,2026-01,1,664.0
805BF5EAE6C65CF4,EVERYAGE,2026-01,2026-01,1,666.0
B5D512DAB859DCF0,ASPIRE HEALTH GROUP,2026-01,2026-01,1,672.0
820312D4A917E80E,MOSHE BLONDER,2026-01,2026-01,1,676.0
783D466618DE0C50,UVALDE COUNTY HOSPITAL AUTHORITY,2026-01,2026-01,1,679.0
410452FB576708D0,AZURE HEALTHCARE,2026-01,2026-01,1,681.0
E738889B85EFFCE0,JAVELIN HEALTH CARE,2026-01,2026-01,1,687.0
714772889CEF80C9,HARMONY,2026-01,2026-01,1,693.0
89F2DF57A0BF18F8,FRIO HOSPITAL DISTRICT,2026-01,2026-01,1,698.0
599D8B2452C14336,NOCONA HOSPITAL DISTRICT,2026-01,2026-01,1,708.0
F813FA345F6D3463,ABCM CORP,2026-01,2026-01,1,718.0
9756DE2A58CCF8F8,EXTENDED CARE CONSULTING,2026-01,2026-01,1,725.0
A5B46DE2986F3D31,WINDSOR HEALTHCARE,2026-01,2026-01,1,731.0
B9C5E538275826CB,ABCM CORPORATION,2026-01,2026-01,1,732.0
9EA1C9F0E0378BCB,EFRAIM ROOZ,2026-01,2026-01,1,736.0
F7B9CF11333D2B46,ERICKSON LIVING,2026-01,2026-01,1,737.0
462229F53AABE213,INNOVATIVE HEALTHCARE MANAGEMENT,2026-01,2026-01,1,742.0
ED1E41AF05240FD2,DAVID JOHNSON,2026-01,2026-01,1,753.0
EEFDD2669A8BC5C2,JOEL LEIFER,2026-01,2026-01,1,764.0
